email,password
oolxyv@example.com,Agave2024
aethuk@example.com,Agave2024
fuqfds@example.com,Agave2024
xefjif@example.com,Agave2024
sixuvx@example.com,Agave2024
nodhpt@example.com,Agave2024
ukvcrj@example.com,Agave2024
hirpfs@example.com,Agave2024
bbqawc@example.com,Agave2024
pfteck@example.com,Agave2024
cuuuxl@example.com,Agave2024
tbdyec@example.com,Agave2024
yjxufg@example.com,Agave2024
aqdesx@example.com,Agave2024
fwcgjn@example.com,Agave2024
lcewqz@example.com,Agave2024
otfsau@example.com,Agave2024
wjaqyu@example.com,Agave2024
hcwnjd@example.com,Agave2024
nnoklp@example.com,Agave2024
sicqcy@example.com,Agave2024
mdrxas@example.com,Agave2024
eneyad@example.com,Agave2024
fvqvyy@example.com,Agave2024
ohnxcf@example.com,Agave2024
wrbcmo@example.com,Agave2024
srfhxq@example.com,Agave2024
ybzcfm@example.com,Agave2024
henvfq@example.com,Agave2024
ndliuo@example.com,Agave2024
pztuvk@example.com,Agave2024
slbzvy@example.com,Agave2024
ptksgq@example.com,Agave2024
giittm@example.com,Agave2024
omsnhq@example.com,Agave2024
kwrwzl@example.com,Agave2024
exhbtj@example.com,Agave2024
ptskdo@example.com,Agave2024
jknkoe@example.com,Agave2024
igfkub@example.com,Agave2024
tesvti@example.com,Agave2024
yuwhtb@example.com,Agave2024
rttbks@example.com,Agave2024
vgcxbt@example.com,Agave2024
nbjgeo@example.com,Agave2024
dyiljj@example.com,Agave2024
esntkk@example.com,Agave2024
znrlzi@example.com,Agave2024
risgpw@example.com,Agave2024
rdndda@example.com,Agave2024
ndqxfz@example.com,Agave2024
daizpj@example.com,Agave2024
thqaut@example.com,Agave2024
obwlgv@example.com,Agave2024
zjonsu@example.com,Agave2024
lolddc@example.com,Agave2024
tzfdoc@example.com,Agave2024
esyoli@example.com,Agave2024
tcrmpj@example.com,Agave2024
weybme@example.com,Agave2024
xhtrzg@example.com,Agave2024
zqtegf@example.com,Agave2024
nipgaa@example.com,Agave2024
riskqn@example.com,Agave2024
eysagt@example.com,Agave2024
vebdsg@example.com,Agave2024
imzvij@example.com,Agave2024
odkpmy@example.com,Agave2024
slqsfa@example.com,Agave2024
aqnrzn@example.com,Agave2024
gvlyar@example.com,Agave2024
ksferp@example.com,Agave2024
xqpral@example.com,Agave2024
fanxnc@example.com,Agave2024
fjhjiv@example.com,Agave2024
eqpzxw@example.com,Agave2024
ppqpsi@example.com,Agave2024
jncjcb@example.com,Agave2024
qsfjyh@example.com,Agave2024
ovqqbo@example.com,Agave2024
dkreme@example.com,Agave2024
swulrd@example.com,Agave2024
fczflp@example.com,Agave2024
gofwyf@example.com,Agave2024
qensqz@example.com,Agave2024
ndqeub@example.com,Agave2024
jwwqpj@example.com,Agave2024
iamevh@example.com,Agave2024
tknzcq@example.com,Agave2024
scxjkb@example.com,Agave2024
usyysd@example.com,Agave2024
fkmcur@example.com,Agave2024
xirqpv@example.com,Agave2024
tdpwqb@example.com,Agave2024
fnrteh@example.com,Agave2024
jcewyk@example.com,Agave2024
lvieaz@example.com,Agave2024
jdeami@example.com,Agave2024
sqgvza@example.com,Agave2024
wvhssr@example.com,Agave2024
jatihk@example.com,Agave2024
ibdxrg@example.com,Agave2024
ngfjme@example.com,Agave2024
swfoxy@example.com,Agave2024
frpraq@example.com,Agave2024
mejztf@example.com,Agave2024
lxpvwt@example.com,Agave2024
szurvy@example.com,Agave2024
nmmfjl@example.com,Agave2024
bspexx@example.com,Agave2024
iyzdgq@example.com,Agave2024
eblqky@example.com,Agave2024
nwppdw@example.com,Agave2024
befwhr@example.com,Agave2024
sswlic@example.com,Agave2024
ljgfwo@example.com,Agave2024
uuefhx@example.com,Agave2024
jsgfbv@example.com,Agave2024
erohmo@example.com,Agave2024
xckgwp@example.com,Agave2024
njzwys@example.com,Agave2024
aokngb@example.com,Agave2024
jixjlr@example.com,Agave2024
biflvb@example.com,Agave2024
emxdgd@example.com,Agave2024
ajvibw@example.com,Agave2024
jdvxyl@example.com,Agave2024
sqkzhb@example.com,Agave2024
uagfie@example.com,Agave2024
zszdjq@example.com,Agave2024
fzmamm@example.com,Agave2024
ltvqag@example.com,Agave2024
icmaob@example.com,Agave2024
kjoczx@example.com,Agave2024
bzneoc@example.com,Agave2024
fcqgvg@example.com,Agave2024
zscmro@example.com,Agave2024
clkbpb@example.com,Agave2024
ezdotj@example.com,Agave2024
zuhkli@example.com,Agave2024
fsiqne@example.com,Agave2024
xbnsnv@example.com,Agave2024
jsuzpz@example.com,Agave2024
fkglqk@example.com,Agave2024
gpbznr@example.com,Agave2024
bwvrrv@example.com,Agave2024
kxumxc@example.com,Agave2024
chrevo@example.com,Agave2024
vkdwxi@example.com,Agave2024
gazzrt@example.com,Agave2024
ehdxvy@example.com,Agave2024
cnxwrp@example.com,Agave2024
uepqra@example.com,Agave2024
whgrtw@example.com,Agave2024
mpjybb@example.com,Agave2024
wcvtwc@example.com,Agave2024
dktbpj@example.com,Agave2024
vmtvfo@example.com,Agave2024
tutnzw@example.com,Agave2024
qnjatg@example.com,Agave2024
hsiuny@example.com,Agave2024
igzkgx@example.com,Agave2024
wkjoek@example.com,Agave2024
dhibly@example.com,Agave2024
kienhd@example.com,Agave2024
uargbc@example.com,Agave2024
qipyiw@example.com,Agave2024
rsvihg@example.com,Agave2024
rgnksw@example.com,Agave2024
euenws@example.com,Agave2024
uqmbwf@example.com,Agave2024
obsgie@example.com,Agave2024
dorcry@example.com,Agave2024
cfgmfv@example.com,Agave2024
dojotv@example.com,Agave2024
smdxts@example.com,Agave2024
xaiwdk@example.com,Agave2024
qahvvi@example.com,Agave2024
ddtefz@example.com,Agave2024
wfrgxr@example.com,Agave2024
omnqrf@example.com,Agave2024
bfwepu@example.com,Agave2024
orisuh@example.com,Agave2024
xbkolh@example.com,Agave2024
fswpou@example.com,Agave2024
vactdj@example.com,Agave2024
ybbqfj@example.com,Agave2024
fxduyt@example.com,Agave2024
haddrj@example.com,Agave2024
rcmcnq@example.com,Agave2024
yypfsz@example.com,Agave2024
rpaydy@example.com,Agave2024
lmakpi@example.com,Agave2024
ftwgxk@example.com,Agave2024
lhprnt@example.com,Agave2024
vzzmee@example.com,Agave2024
berjzo@example.com,Agave2024
ugsojh@example.com,Agave2024
cpgefx@example.com,Agave2024
cpcuqw@example.com,Agave2024
ifahki@example.com,Agave2024
ramkws@example.com,Agave2024
blnecm@example.com,Agave2024
ysifrm@example.com,Agave2024
fcedaw@example.com,Agave2024
fsffkp@example.com,Agave2024
ausfdl@example.com,Agave2024
hzpngj@example.com,Agave2024
gszyuo@example.com,Agave2024
qsynxx@example.com,Agave2024
tytttn@example.com,Agave2024
sgbgpt@example.com,Agave2024
gzhvem@example.com,Agave2024
fafpvh@example.com,Agave2024
xxevex@example.com,Agave2024
zjpxve@example.com,Agave2024
bkfcfw@example.com,Agave2024
qbiuqk@example.com,Agave2024
dynyti@example.com,Agave2024
ufucwa@example.com,Agave2024
jdgnzj@example.com,Agave2024
snyiqj@example.com,Agave2024
hzolom@example.com,Agave2024
mokkzl@example.com,Agave2024
obstlg@example.com,Agave2024
pwdijw@example.com,Agave2024
ofjeeq@example.com,Agave2024
xmqxzy@example.com,Agave2024
ogktpx@example.com,Agave2024
vlzmaj@example.com,Agave2024
dxxadp@example.com,Agave2024
uzjchl@example.com,Agave2024
scruol@example.com,Agave2024
irtjsu@example.com,Agave2024
ayneeh@example.com,Agave2024
dssivn@example.com,Agave2024
efqeqs@example.com,Agave2024
hfxlin@example.com,Agave2024
sermwi@example.com,Agave2024
qzkcqc@example.com,Agave2024
kelwnr@example.com,Agave2024
hrnwsg@example.com,Agave2024
mlqdco@example.com,Agave2024
othdle@example.com,Agave2024
jtwyef@example.com,Agave2024
mjsebb@example.com,Agave2024
gtaacu@example.com,Agave2024
pipgll@example.com,Agave2024
bjvhqp@example.com,Agave2024
gfltdd@example.com,Agave2024
mahlin@example.com,Agave2024
rqrvdb@example.com,Agave2024
eddcln@example.com,Agave2024
kwjkgs@example.com,Agave2024
ywixnu@example.com,Agave2024
sbykbx@example.com,Agave2024
wrkmww@example.com,Agave2024
qjehmv@example.com,Agave2024
hfgopt@example.com,Agave2024
fwdnkc@example.com,Agave2024
ycmtlo@example.com,Agave2024
cbgepw@example.com,Agave2024
vnpryq@example.com,Agave2024
byaclo@example.com,Agave2024
ghjdvv@example.com,Agave2024
wqwkkx@example.com,Agave2024
gjirrv@example.com,Agave2024
unobno@example.com,Agave2024
qdklph@example.com,Agave2024
epmosx@example.com,Agave2024
gbnnaw@example.com,Agave2024
ciyoaf@example.com,Agave2024
kabqqb@example.com,Agave2024
itqovl@example.com,Agave2024
drbghr@example.com,Agave2024
fvjpou@example.com,Agave2024
llazlm@example.com,Agave2024
apvtdj@example.com,Agave2024
jrvtcy@example.com,Agave2024
ywddwf@example.com,Agave2024
sgyeag@example.com,Agave2024
dskntj@example.com,Agave2024
bvlnwq@example.com,Agave2024
evnrdi@example.com,Agave2024
cgkqlw@example.com,Agave2024
gzolzm@example.com,Agave2024
arovof@example.com,Agave2024
meajhv@example.com,Agave2024
crhavz@example.com,Agave2024
hyjhny@example.com,Agave2024
uusdjd@example.com,Agave2024
nzhbwn@example.com,Agave2024
iygpuv@example.com,Agave2024
lnfbsb@example.com,Agave2024
iopcqa@example.com,Agave2024
vtusmy@example.com,Agave2024
greubl@example.com,Agave2024
ckbjjo@example.com,Agave2024
lsmbei@example.com,Agave2024
vcpuvl@example.com,Agave2024
vcpmac@example.com,Agave2024
gebruw@example.com,Agave2024
owlqkk@example.com,Agave2024
rrufrz@example.com,Agave2024
pdosub@example.com,Agave2024
fjnqkc@example.com,Agave2024
zkidld@example.com,Agave2024
nryroe@example.com,Agave2024
bqtznx@example.com,Agave2024
gfoswl@example.com,Agave2024
pxajmh@example.com,Agave2024
lpcoyf@example.com,Agave2024
eqsmoi@example.com,Agave2024
azrisy@example.com,Agave2024
qewfnf@example.com,Agave2024
swpbik@example.com,Agave2024
srojdp@example.com,Agave2024
kokkvu@example.com,Agave2024
quykkq@example.com,Agave2024
icnuzg@example.com,Agave2024
dpuryd@example.com,Agave2024
ahnuqt@example.com,Agave2024
xaqpvm@example.com,Agave2024
ujorwm@example.com,Agave2024
vhjvqt@example.com,Agave2024
wagxkv@example.com,Agave2024
yzdbhh@example.com,Agave2024
bwqkpw@example.com,Agave2024
ugzmbt@example.com,Agave2024
sdofej@example.com,Agave2024
kfqgfr@example.com,Agave2024
ippyrl@example.com,Agave2024
vaibyo@example.com,Agave2024
uobprl@example.com,Agave2024
lkmzlz@example.com,Agave2024
puofdl@example.com,Agave2024
pxxmxh@example.com,Agave2024
ihvesw@example.com,Agave2024
rmmprb@example.com,Agave2024
zygsdl@example.com,Agave2024
cicjmk@example.com,Agave2024
puursh@example.com,Agave2024
dmcajs@example.com,Agave2024
wnhjjt@example.com,Agave2024
tclguq@example.com,Agave2024
yzaojl@example.com,Agave2024
llqoxs@example.com,Agave2024
fhffrz@example.com,Agave2024
bugwse@example.com,Agave2024
ulbqlk@example.com,Agave2024
xbnayp@example.com,Agave2024
mbwybm@example.com,Agave2024
etohxz@example.com,Agave2024
hgqrxz@example.com,Agave2024
mrobmn@example.com,Agave2024
udlsjp@example.com,Agave2024
mvrdxi@example.com,Agave2024
zxvvpn@example.com,Agave2024
zzcuml@example.com,Agave2024
opougq@example.com,Agave2024
drrdfp@example.com,Agave2024
qyvnnv@example.com,Agave2024
mjqufh@example.com,Agave2024
jquxha@example.com,Agave2024
vhprbp@example.com,Agave2024
gsknyi@example.com,Agave2024
jvzqrw@example.com,Agave2024
wujhyy@example.com,Agave2024
ewhplh@example.com,Agave2024
wdargq@example.com,Agave2024
vaqlfo@example.com,Agave2024
fgzbll@example.com,Agave2024
dbdzmp@example.com,Agave2024
fusjsr@example.com,Agave2024
jaglly@example.com,Agave2024
ikuxxp@example.com,Agave2024
vargnd@example.com,Agave2024
qvnymg@example.com,Agave2024
zsksoa@example.com,Agave2024
idrfoz@example.com,Agave2024
udhhxt@example.com,Agave2024
amhlfo@example.com,Agave2024
wwpqhg@example.com,Agave2024
ykdjxk@example.com,Agave2024
wbzpjk@example.com,Agave2024
upmrva@example.com,Agave2024
cilqwy@example.com,Agave2024
hxheqv@example.com,Agave2024
ectxjh@example.com,Agave2024
qvligq@example.com,Agave2024
gisvyw@example.com,Agave2024
prikco@example.com,Agave2024
jdoybo@example.com,Agave2024
lqpydp@example.com,Agave2024
brvxbt@example.com,Agave2024
dgwjxa@example.com,Agave2024
zqrgnf@example.com,Agave2024
omftqz@example.com,Agave2024
rvjzvt@example.com,Agave2024
eliwbf@example.com,Agave2024
xeqggy@example.com,Agave2024
sgavip@example.com,Agave2024
xsbrwi@example.com,Agave2024
embfun@example.com,Agave2024
tjhzhu@example.com,Agave2024
vqnwiq@example.com,Agave2024
bcmqrs@example.com,Agave2024
jkfxbm@example.com,Agave2024
ntgvxv@example.com,Agave2024
eovfjd@example.com,Agave2024
imhjls@example.com,Agave2024
tnuogf@example.com,Agave2024
zjfymj@example.com,Agave2024
wvterl@example.com,Agave2024
mmutfr@example.com,Agave2024
udjbci@example.com,Agave2024
rkpwjt@example.com,Agave2024
okddwc@example.com,Agave2024
iazheg@example.com,Agave2024
udnyrj@example.com,Agave2024
vdcrol@example.com,Agave2024
jmouge@example.com,Agave2024
gvkbub@example.com,Agave2024
uwmnel@example.com,Agave2024
zmyyma@example.com,Agave2024
nhhbod@example.com,Agave2024
ofnjne@example.com,Agave2024
exsdne@example.com,Agave2024
bqqjyy@example.com,Agave2024
fvavsg@example.com,Agave2024
yhcyph@example.com,Agave2024
uiymgm@example.com,Agave2024
mpfjto@example.com,Agave2024
shufif@example.com,Agave2024
fvsmby@example.com,Agave2024
rgpink@example.com,Agave2024
mtapxk@example.com,Agave2024
qhzuwc@example.com,Agave2024
wvkjuy@example.com,Agave2024
fjuegp@example.com,Agave2024
hahdgm@example.com,Agave2024
urqkjd@example.com,Agave2024
qbmsyb@example.com,Agave2024
mxoiqi@example.com,Agave2024
tzmgzw@example.com,Agave2024
zhafjr@example.com,Agave2024
rwrqgp@example.com,Agave2024
ntdtlg@example.com,Agave2024
ecyulm@example.com,Agave2024
ligixa@example.com,Agave2024
fjxzzw@example.com,Agave2024
ixzgkv@example.com,Agave2024
iooufc@example.com,Agave2024
svetzt@example.com,Agave2024
evxmyq@example.com,Agave2024
tztjju@example.com,Agave2024
fpsolx@example.com,Agave2024
yoctpp@example.com,Agave2024
gxzcnn@example.com,Agave2024
zuznwt@example.com,Agave2024
hgrecd@example.com,Agave2024
axfylm@example.com,Agave2024
omghmk@example.com,Agave2024
umbmdl@example.com,Agave2024
yzedaq@example.com,Agave2024
sfgxzy@example.com,Agave2024
cqttgp@example.com,Agave2024
cywlxk@example.com,Agave2024
jvtytm@example.com,Agave2024
eiartr@example.com,Agave2024
sxyjqb@example.com,Agave2024
iojurz@example.com,Agave2024
cwkfrj@example.com,Agave2024
njkmif@example.com,Agave2024
aboolo@example.com,Agave2024
disfqi@example.com,Agave2024
gykika@example.com,Agave2024
enbycg@example.com,Agave2024
pjuubv@example.com,Agave2024
pofmnz@example.com,Agave2024
bjhxrn@example.com,Agave2024
ybszeg@example.com,Agave2024
wvkzau@example.com,Agave2024
nxqljk@example.com,Agave2024
fcqcyx@example.com,Agave2024
gdbrju@example.com,Agave2024
dswngj@example.com,Agave2024
amdamb@example.com,Agave2024
jghjes@example.com,Agave2024
wturxt@example.com,Agave2024
ucgnxj@example.com,Agave2024
uwjsjb@example.com,Agave2024
thzzmh@example.com,Agave2024
zxhgax@example.com,Agave2024
nthqkj@example.com,Agave2024
hkvreh@example.com,Agave2024
eiicmf@example.com,Agave2024
mvgfbc@example.com,Agave2024
iyvwur@example.com,Agave2024